epoch,train loss,val loss,swa
0.0,3.9902757865405185,4.010041763585642,n
19.0,2.799516100051015,3.019264747024676,y
39.0,2.6991658021507257,3.0402745981828883,y
59.0,2.5817004540940713,3.0619918665754686,y
79.0,2.5283820294929114,3.019623529801675,y
99.0,2.4753093144083604,3.0511013862189897,y
119.0,2.4777022244925346,3.0336756102535705,y
139.0,2.4373191661532796,3.080331294908436,y
